-- ============================================================
-- IGNITE NEXUS — Seed real (parte 4/4)
-- session_attendances · attitude_actions · stock
-- absence_reasons · timesheets · global_resources
-- ============================================================

-- ─── 18. Asistencias ─────────────────────────────────────────
-- Sesiones completadas S001-S045.  S046-S048 son pending → sin asistencias.
-- Mayoría attended=true; absencias marcadas con false.

-- S001 G001 students 001-005
insert into public.session_attendances (id,session_id,student_id,attended) values
(gen_random_uuid(),'00000000-0000-0000-0010-000000000001','00000000-0000-0000-0005-000000000001',true),
(gen_random_uuid(),'00000000-0000-0000-0010-000000000001','00000000-0000-0000-0005-000000000002',true),
(gen_random_uuid(),'00000000-0000-0000-0010-000000000001','00000000-0000-0000-0005-000000000003',true),
(gen_random_uuid(),'00000000-0000-0000-0010-000000000001','00000000-0000-0000-0005-000000000004',true),
(gen_random_uuid(),'00000000-0000-0000-0010-000000000001','00000000-0000-0000-0005-000000000005',true);
-- S002 G002 students 006-010
insert into public.session_attendances (id,session_id,student_id,attended) values
(gen_random_uuid(),'00000000-0000-0000-0010-000000000002','00000000-0000-0000-0005-000000000006',true),
(gen_random_uuid(),'00000000-0000-0000-0010-000000000002','00000000-0000-0000-0005-000000000007',true),
(gen_random_uuid(),'00000000-0000-0000-0010-000000000002','00000000-0000-0000-0005-000000000008',true),
(gen_random_uuid(),'00000000-0000-0000-0010-000000000002','00000000-0000-0000-0005-000000000009',true),
(gen_random_uuid(),'00000000-0000-0000-0010-000000000002','00000000-0000-0000-0005-000000000010',true);
-- S003 G003 students 011-015 (013 ausente)
insert into public.session_attendances (id,session_id,student_id,attended) values
(gen_random_uuid(),'00000000-0000-0000-0010-000000000003','00000000-0000-0000-0005-000000000011',true),
(gen_random_uuid(),'00000000-0000-0000-0010-000000000003','00000000-0000-0000-0005-000000000012',true),
(gen_random_uuid(),'00000000-0000-0000-0010-000000000003','00000000-0000-0000-0005-000000000013',false),
(gen_random_uuid(),'00000000-0000-0000-0010-000000000003','00000000-0000-0000-0005-000000000014',true),
(gen_random_uuid(),'00000000-0000-0000-0010-000000000003','00000000-0000-0000-0005-000000000015',true);
-- S004 G014 students 066-070
insert into public.session_attendances (id,session_id,student_id,attended) values
(gen_random_uuid(),'00000000-0000-0000-0010-000000000004','00000000-0000-0000-0005-000000000066',true),
(gen_random_uuid(),'00000000-0000-0000-0010-000000000004','00000000-0000-0000-0005-000000000067',true),
(gen_random_uuid(),'00000000-0000-0000-0010-000000000004','00000000-0000-0000-0005-000000000068',true),
(gen_random_uuid(),'00000000-0000-0000-0010-000000000004','00000000-0000-0000-0005-000000000069',true),
(gen_random_uuid(),'00000000-0000-0000-0010-000000000004','00000000-0000-0000-0005-000000000070',true);
-- S005 G005 students 021-025
insert into public.session_attendances (id,session_id,student_id,attended) values
(gen_random_uuid(),'00000000-0000-0000-0010-000000000005','00000000-0000-0000-0005-000000000021',true),
(gen_random_uuid(),'00000000-0000-0000-0010-000000000005','00000000-0000-0000-0005-000000000022',true),
(gen_random_uuid(),'00000000-0000-0000-0010-000000000005','00000000-0000-0000-0005-000000000023',true),
(gen_random_uuid(),'00000000-0000-0000-0010-000000000005','00000000-0000-0000-0005-000000000024',true),
(gen_random_uuid(),'00000000-0000-0000-0010-000000000005','00000000-0000-0000-0005-000000000025',true);
-- S006 G010 students 046-050
insert into public.session_attendances (id,session_id,student_id,attended) values
(gen_random_uuid(),'00000000-0000-0000-0010-000000000006','00000000-0000-0000-0005-000000000046',true),
(gen_random_uuid(),'00000000-0000-0000-0010-000000000006','00000000-0000-0000-0005-000000000047',true),
(gen_random_uuid(),'00000000-0000-0000-0010-000000000006','00000000-0000-0000-0005-000000000048',true),
(gen_random_uuid(),'00000000-0000-0000-0010-000000000006','00000000-0000-0000-0005-000000000049',true),
(gen_random_uuid(),'00000000-0000-0000-0010-000000000006','00000000-0000-0000-0005-000000000050',true);
-- S007 G011 students 051-055 (053 ausente)
insert into public.session_attendances (id,session_id,student_id,attended) values
(gen_random_uuid(),'00000000-0000-0000-0010-000000000007','00000000-0000-0000-0005-000000000051',true),
(gen_random_uuid(),'00000000-0000-0000-0010-000000000007','00000000-0000-0000-0005-000000000052',true),
(gen_random_uuid(),'00000000-0000-0000-0010-000000000007','00000000-0000-0000-0005-000000000053',false),
(gen_random_uuid(),'00000000-0000-0000-0010-000000000007','00000000-0000-0000-0005-000000000054',true),
(gen_random_uuid(),'00000000-0000-0000-0010-000000000007','00000000-0000-0000-0005-000000000055',true);
-- S008 G012 students 056-060
insert into public.session_attendances (id,session_id,student_id,attended) values
(gen_random_uuid(),'00000000-0000-0000-0010-000000000008','00000000-0000-0000-0005-000000000056',true),
(gen_random_uuid(),'00000000-0000-0000-0010-000000000008','00000000-0000-0000-0005-000000000057',true),
(gen_random_uuid(),'00000000-0000-0000-0010-000000000008','00000000-0000-0000-0005-000000000058',true),
(gen_random_uuid(),'00000000-0000-0000-0010-000000000008','00000000-0000-0000-0005-000000000059',true),
(gen_random_uuid(),'00000000-0000-0000-0010-000000000008','00000000-0000-0000-0005-000000000060',true);
-- S009 G006 students 026-030
insert into public.session_attendances (id,session_id,student_id,attended) values
(gen_random_uuid(),'00000000-0000-0000-0010-000000000009','00000000-0000-0000-0005-000000000026',true),
(gen_random_uuid(),'00000000-0000-0000-0010-000000000009','00000000-0000-0000-0005-000000000027',true),
(gen_random_uuid(),'00000000-0000-0000-0010-000000000009','00000000-0000-0000-0005-000000000028',true),
(gen_random_uuid(),'00000000-0000-0000-0010-000000000009','00000000-0000-0000-0005-000000000029',true),
(gen_random_uuid(),'00000000-0000-0000-0010-000000000009','00000000-0000-0000-0005-000000000030',true);
-- S010 G007 students 031-035
insert into public.session_attendances (id,session_id,student_id,attended) values
(gen_random_uuid(),'00000000-0000-0000-0010-000000000010','00000000-0000-0000-0005-000000000031',true),
(gen_random_uuid(),'00000000-0000-0000-0010-000000000010','00000000-0000-0000-0005-000000000032',true),
(gen_random_uuid(),'00000000-0000-0000-0010-000000000010','00000000-0000-0000-0005-000000000033',true),
(gen_random_uuid(),'00000000-0000-0000-0010-000000000010','00000000-0000-0000-0005-000000000034',true),
(gen_random_uuid(),'00000000-0000-0000-0010-000000000010','00000000-0000-0000-0005-000000000035',true);
-- S011 G008 students 036-040 (039 ausente)
insert into public.session_attendances (id,session_id,student_id,attended) values
(gen_random_uuid(),'00000000-0000-0000-0010-000000000011','00000000-0000-0000-0005-000000000036',true),
(gen_random_uuid(),'00000000-0000-0000-0010-000000000011','00000000-0000-0000-0005-000000000037',true),
(gen_random_uuid(),'00000000-0000-0000-0010-000000000011','00000000-0000-0000-0005-000000000038',true),
(gen_random_uuid(),'00000000-0000-0000-0010-000000000011','00000000-0000-0000-0005-000000000039',false),
(gen_random_uuid(),'00000000-0000-0000-0010-000000000011','00000000-0000-0000-0005-000000000040',true);
-- S012 G009 students 041-045
insert into public.session_attendances (id,session_id,student_id,attended) values
(gen_random_uuid(),'00000000-0000-0000-0010-000000000012','00000000-0000-0000-0005-000000000041',true),
(gen_random_uuid(),'00000000-0000-0000-0010-000000000012','00000000-0000-0000-0005-000000000042',true),
(gen_random_uuid(),'00000000-0000-0000-0010-000000000012','00000000-0000-0000-0005-000000000043',true),
(gen_random_uuid(),'00000000-0000-0000-0010-000000000012','00000000-0000-0000-0005-000000000044',true),
(gen_random_uuid(),'00000000-0000-0000-0010-000000000012','00000000-0000-0000-0005-000000000045',true);
-- S013 G015 students 071-074 (4 alumnos)
insert into public.session_attendances (id,session_id,student_id,attended) values
(gen_random_uuid(),'00000000-0000-0000-0010-000000000013','00000000-0000-0000-0005-000000000071',true),
(gen_random_uuid(),'00000000-0000-0000-0010-000000000013','00000000-0000-0000-0005-000000000072',true),
(gen_random_uuid(),'00000000-0000-0000-0010-000000000013','00000000-0000-0000-0005-000000000073',true),
(gen_random_uuid(),'00000000-0000-0000-0010-000000000013','00000000-0000-0000-0005-000000000074',true);
-- S014 G004 students 016-020
insert into public.session_attendances (id,session_id,student_id,attended) values
(gen_random_uuid(),'00000000-0000-0000-0010-000000000014','00000000-0000-0000-0005-000000000016',true),
(gen_random_uuid(),'00000000-0000-0000-0010-000000000014','00000000-0000-0000-0005-000000000017',true),
(gen_random_uuid(),'00000000-0000-0000-0010-000000000014','00000000-0000-0000-0005-000000000018',true),
(gen_random_uuid(),'00000000-0000-0000-0010-000000000014','00000000-0000-0000-0005-000000000019',true),
(gen_random_uuid(),'00000000-0000-0000-0010-000000000014','00000000-0000-0000-0005-000000000020',true);
-- S015 G013 students 061-065
insert into public.session_attendances (id,session_id,student_id,attended) values
(gen_random_uuid(),'00000000-0000-0000-0010-000000000015','00000000-0000-0000-0005-000000000061',true),
(gen_random_uuid(),'00000000-0000-0000-0010-000000000015','00000000-0000-0000-0005-000000000062',true),
(gen_random_uuid(),'00000000-0000-0000-0010-000000000015','00000000-0000-0000-0005-000000000063',true),
(gen_random_uuid(),'00000000-0000-0000-0010-000000000015','00000000-0000-0000-0005-000000000064',true),
(gen_random_uuid(),'00000000-0000-0000-0010-000000000015','00000000-0000-0000-0005-000000000065',true);
-- S016 G016 students 075-079
insert into public.session_attendances (id,session_id,student_id,attended) values
(gen_random_uuid(),'00000000-0000-0000-0010-000000000016','00000000-0000-0000-0005-000000000075',true),
(gen_random_uuid(),'00000000-0000-0000-0010-000000000016','00000000-0000-0000-0005-000000000076',true),
(gen_random_uuid(),'00000000-0000-0000-0010-000000000016','00000000-0000-0000-0005-000000000077',true),
(gen_random_uuid(),'00000000-0000-0000-0010-000000000016','00000000-0000-0000-0005-000000000078',true),
(gen_random_uuid(),'00000000-0000-0000-0010-000000000016','00000000-0000-0000-0005-000000000079',true);
-- S017 G001 students 001-005
insert into public.session_attendances (id,session_id,student_id,attended) values
(gen_random_uuid(),'00000000-0000-0000-0010-000000000017','00000000-0000-0000-0005-000000000001',true),
(gen_random_uuid(),'00000000-0000-0000-0010-000000000017','00000000-0000-0000-0005-000000000002',true),
(gen_random_uuid(),'00000000-0000-0000-0010-000000000017','00000000-0000-0000-0005-000000000003',true),
(gen_random_uuid(),'00000000-0000-0000-0010-000000000017','00000000-0000-0000-0005-000000000004',true),
(gen_random_uuid(),'00000000-0000-0000-0010-000000000017','00000000-0000-0000-0005-000000000005',true);
-- S018 G002 students 006-010 (008 ausente)
insert into public.session_attendances (id,session_id,student_id,attended) values
(gen_random_uuid(),'00000000-0000-0000-0010-000000000018','00000000-0000-0000-0005-000000000006',true),
(gen_random_uuid(),'00000000-0000-0000-0010-000000000018','00000000-0000-0000-0005-000000000007',true),
(gen_random_uuid(),'00000000-0000-0000-0010-000000000018','00000000-0000-0000-0005-000000000008',false),
(gen_random_uuid(),'00000000-0000-0000-0010-000000000018','00000000-0000-0000-0005-000000000009',true),
(gen_random_uuid(),'00000000-0000-0000-0010-000000000018','00000000-0000-0000-0005-000000000010',true);
-- S019 G003 students 011-015
insert into public.session_attendances (id,session_id,student_id,attended) values
(gen_random_uuid(),'00000000-0000-0000-0010-000000000019','00000000-0000-0000-0005-000000000011',true),
(gen_random_uuid(),'00000000-0000-0000-0010-000000000019','00000000-0000-0000-0005-000000000012',true),
(gen_random_uuid(),'00000000-0000-0000-0010-000000000019','00000000-0000-0000-0005-000000000013',true),
(gen_random_uuid(),'00000000-0000-0000-0010-000000000019','00000000-0000-0000-0005-000000000014',true),
(gen_random_uuid(),'00000000-0000-0000-0010-000000000019','00000000-0000-0000-0005-000000000015',true);
-- S020 G014 students 066-070
insert into public.session_attendances (id,session_id,student_id,attended) values
(gen_random_uuid(),'00000000-0000-0000-0010-000000000020','00000000-0000-0000-0005-000000000066',true),
(gen_random_uuid(),'00000000-0000-0000-0010-000000000020','00000000-0000-0000-0005-000000000067',true),
(gen_random_uuid(),'00000000-0000-0000-0010-000000000020','00000000-0000-0000-0005-000000000068',true),
(gen_random_uuid(),'00000000-0000-0000-0010-000000000020','00000000-0000-0000-0005-000000000069',true),
(gen_random_uuid(),'00000000-0000-0000-0010-000000000020','00000000-0000-0000-0005-000000000070',true);
-- S021 G005 students 021-025 (022 ausente)
insert into public.session_attendances (id,session_id,student_id,attended) values
(gen_random_uuid(),'00000000-0000-0000-0010-000000000021','00000000-0000-0000-0005-000000000021',true),
(gen_random_uuid(),'00000000-0000-0000-0010-000000000021','00000000-0000-0000-0005-000000000022',false),
(gen_random_uuid(),'00000000-0000-0000-0010-000000000021','00000000-0000-0000-0005-000000000023',true),
(gen_random_uuid(),'00000000-0000-0000-0010-000000000021','00000000-0000-0000-0005-000000000024',true),
(gen_random_uuid(),'00000000-0000-0000-0010-000000000021','00000000-0000-0000-0005-000000000025',true);
-- S022 G010 students 046-050
insert into public.session_attendances (id,session_id,student_id,attended) values
(gen_random_uuid(),'00000000-0000-0000-0010-000000000022','00000000-0000-0000-0005-000000000046',true),
(gen_random_uuid(),'00000000-0000-0000-0010-000000000022','00000000-0000-0000-0005-000000000047',true),
(gen_random_uuid(),'00000000-0000-0000-0010-000000000022','00000000-0000-0000-0005-000000000048',true),
(gen_random_uuid(),'00000000-0000-0000-0010-000000000022','00000000-0000-0000-0005-000000000049',true),
(gen_random_uuid(),'00000000-0000-0000-0010-000000000022','00000000-0000-0000-0005-000000000050',true);
-- S023 G011 students 051-055
insert into public.session_attendances (id,session_id,student_id,attended) values
(gen_random_uuid(),'00000000-0000-0000-0010-000000000023','00000000-0000-0000-0005-000000000051',true),
(gen_random_uuid(),'00000000-0000-0000-0010-000000000023','00000000-0000-0000-0005-000000000052',true),
(gen_random_uuid(),'00000000-0000-0000-0010-000000000023','00000000-0000-0000-0005-000000000053',true),
(gen_random_uuid(),'00000000-0000-0000-0010-000000000023','00000000-0000-0000-0005-000000000054',true),
(gen_random_uuid(),'00000000-0000-0000-0010-000000000023','00000000-0000-0000-0005-000000000055',true);
-- S024 G012 students 056-060
insert into public.session_attendances (id,session_id,student_id,attended) values
(gen_random_uuid(),'00000000-0000-0000-0010-000000000024','00000000-0000-0000-0005-000000000056',true),
(gen_random_uuid(),'00000000-0000-0000-0010-000000000024','00000000-0000-0000-0005-000000000057',true),
(gen_random_uuid(),'00000000-0000-0000-0010-000000000024','00000000-0000-0000-0005-000000000058',true),
(gen_random_uuid(),'00000000-0000-0000-0010-000000000024','00000000-0000-0000-0005-000000000059',true),
(gen_random_uuid(),'00000000-0000-0000-0010-000000000024','00000000-0000-0000-0005-000000000060',true);
-- S025 G006 students 026-030
insert into public.session_attendances (id,session_id,student_id,attended) values
(gen_random_uuid(),'00000000-0000-0000-0010-000000000025','00000000-0000-0000-0005-000000000026',true),
(gen_random_uuid(),'00000000-0000-0000-0010-000000000025','00000000-0000-0000-0005-000000000027',true),
(gen_random_uuid(),'00000000-0000-0000-0010-000000000025','00000000-0000-0000-0005-000000000028',true),
(gen_random_uuid(),'00000000-0000-0000-0010-000000000025','00000000-0000-0000-0005-000000000029',true),
(gen_random_uuid(),'00000000-0000-0000-0010-000000000025','00000000-0000-0000-0005-000000000030',true);
-- S026 G007 students 031-035 (033 ausente)
insert into public.session_attendances (id,session_id,student_id,attended) values
(gen_random_uuid(),'00000000-0000-0000-0010-000000000026','00000000-0000-0000-0005-000000000031',true),
(gen_random_uuid(),'00000000-0000-0000-0010-000000000026','00000000-0000-0000-0005-000000000032',true),
(gen_random_uuid(),'00000000-0000-0000-0010-000000000026','00000000-0000-0000-0005-000000000033',false),
(gen_random_uuid(),'00000000-0000-0000-0010-000000000026','00000000-0000-0000-0005-000000000034',true),
(gen_random_uuid(),'00000000-0000-0000-0010-000000000026','00000000-0000-0000-0005-000000000035',true);
-- S027 G008 students 036-040
insert into public.session_attendances (id,session_id,student_id,attended) values
(gen_random_uuid(),'00000000-0000-0000-0010-000000000027','00000000-0000-0000-0005-000000000036',true),
(gen_random_uuid(),'00000000-0000-0000-0010-000000000027','00000000-0000-0000-0005-000000000037',true),
(gen_random_uuid(),'00000000-0000-0000-0010-000000000027','00000000-0000-0000-0005-000000000038',true),
(gen_random_uuid(),'00000000-0000-0000-0010-000000000027','00000000-0000-0000-0005-000000000039',true),
(gen_random_uuid(),'00000000-0000-0000-0010-000000000027','00000000-0000-0000-0005-000000000040',true);
-- S028 G009 students 041-045
insert into public.session_attendances (id,session_id,student_id,attended) values
(gen_random_uuid(),'00000000-0000-0000-0010-000000000028','00000000-0000-0000-0005-000000000041',true),
(gen_random_uuid(),'00000000-0000-0000-0010-000000000028','00000000-0000-0000-0005-000000000042',true),
(gen_random_uuid(),'00000000-0000-0000-0010-000000000028','00000000-0000-0000-0005-000000000043',true),
(gen_random_uuid(),'00000000-0000-0000-0010-000000000028','00000000-0000-0000-0005-000000000044',true),
(gen_random_uuid(),'00000000-0000-0000-0010-000000000028','00000000-0000-0000-0005-000000000045',true);
-- S029 G015 students 071-074
insert into public.session_attendances (id,session_id,student_id,attended) values
(gen_random_uuid(),'00000000-0000-0000-0010-000000000029','00000000-0000-0000-0005-000000000071',true),
(gen_random_uuid(),'00000000-0000-0000-0010-000000000029','00000000-0000-0000-0005-000000000072',true),
(gen_random_uuid(),'00000000-0000-0000-0010-000000000029','00000000-0000-0000-0005-000000000073',true),
(gen_random_uuid(),'00000000-0000-0000-0010-000000000029','00000000-0000-0000-0005-000000000074',true);
-- S030 G004 students 016-020
insert into public.session_attendances (id,session_id,student_id,attended) values
(gen_random_uuid(),'00000000-0000-0000-0010-000000000030','00000000-0000-0000-0005-000000000016',true),
(gen_random_uuid(),'00000000-0000-0000-0010-000000000030','00000000-0000-0000-0005-000000000017',true),
(gen_random_uuid(),'00000000-0000-0000-0010-000000000030','00000000-0000-0000-0005-000000000018',true),
(gen_random_uuid(),'00000000-0000-0000-0010-000000000030','00000000-0000-0000-0005-000000000019',true),
(gen_random_uuid(),'00000000-0000-0000-0010-000000000030','00000000-0000-0000-0005-000000000020',true);
-- S031 G013 students 061-065
insert into public.session_attendances (id,session_id,student_id,attended) values
(gen_random_uuid(),'00000000-0000-0000-0010-000000000031','00000000-0000-0000-0005-000000000061',true),
(gen_random_uuid(),'00000000-0000-0000-0010-000000000031','00000000-0000-0000-0005-000000000062',true),
(gen_random_uuid(),'00000000-0000-0000-0010-000000000031','00000000-0000-0000-0005-000000000063',true),
(gen_random_uuid(),'00000000-0000-0000-0010-000000000031','00000000-0000-0000-0005-000000000064',true),
(gen_random_uuid(),'00000000-0000-0000-0010-000000000031','00000000-0000-0000-0005-000000000065',true);
-- S032 G016 students 075-079
insert into public.session_attendances (id,session_id,student_id,attended) values
(gen_random_uuid(),'00000000-0000-0000-0010-000000000032','00000000-0000-0000-0005-000000000075',true),
(gen_random_uuid(),'00000000-0000-0000-0010-000000000032','00000000-0000-0000-0005-000000000076',true),
(gen_random_uuid(),'00000000-0000-0000-0010-000000000032','00000000-0000-0000-0005-000000000077',true),
(gen_random_uuid(),'00000000-0000-0000-0010-000000000032','00000000-0000-0000-0005-000000000078',true),
(gen_random_uuid(),'00000000-0000-0000-0010-000000000032','00000000-0000-0000-0005-000000000079',true);
-- S033 G001 students 001-005 (003 ausente)
insert into public.session_attendances (id,session_id,student_id,attended) values
(gen_random_uuid(),'00000000-0000-0000-0010-000000000033','00000000-0000-0000-0005-000000000001',true),
(gen_random_uuid(),'00000000-0000-0000-0010-000000000033','00000000-0000-0000-0005-000000000002',true),
(gen_random_uuid(),'00000000-0000-0000-0010-000000000033','00000000-0000-0000-0005-000000000003',false),
(gen_random_uuid(),'00000000-0000-0000-0010-000000000033','00000000-0000-0000-0005-000000000004',true),
(gen_random_uuid(),'00000000-0000-0000-0010-000000000033','00000000-0000-0000-0005-000000000005',true);
-- S034 G002 students 006-010
insert into public.session_attendances (id,session_id,student_id,attended) values
(gen_random_uuid(),'00000000-0000-0000-0010-000000000034','00000000-0000-0000-0005-000000000006',true),
(gen_random_uuid(),'00000000-0000-0000-0010-000000000034','00000000-0000-0000-0005-000000000007',true),
(gen_random_uuid(),'00000000-0000-0000-0010-000000000034','00000000-0000-0000-0005-000000000008',true),
(gen_random_uuid(),'00000000-0000-0000-0010-000000000034','00000000-0000-0000-0005-000000000009',true),
(gen_random_uuid(),'00000000-0000-0000-0010-000000000034','00000000-0000-0000-0005-000000000010',true);
-- S035 G003 students 011-015
insert into public.session_attendances (id,session_id,student_id,attended) values
(gen_random_uuid(),'00000000-0000-0000-0010-000000000035','00000000-0000-0000-0005-000000000011',true),
(gen_random_uuid(),'00000000-0000-0000-0010-000000000035','00000000-0000-0000-0005-000000000012',true),
(gen_random_uuid(),'00000000-0000-0000-0010-000000000035','00000000-0000-0000-0005-000000000013',true),
(gen_random_uuid(),'00000000-0000-0000-0010-000000000035','00000000-0000-0000-0005-000000000014',true),
(gen_random_uuid(),'00000000-0000-0000-0010-000000000035','00000000-0000-0000-0005-000000000015',true);
-- S036 G014 students 066-070
insert into public.session_attendances (id,session_id,student_id,attended) values
(gen_random_uuid(),'00000000-0000-0000-0010-000000000036','00000000-0000-0000-0005-000000000066',true),
(gen_random_uuid(),'00000000-0000-0000-0010-000000000036','00000000-0000-0000-0005-000000000067',true),
(gen_random_uuid(),'00000000-0000-0000-0010-000000000036','00000000-0000-0000-0005-000000000068',true),
(gen_random_uuid(),'00000000-0000-0000-0010-000000000036','00000000-0000-0000-0005-000000000069',false),
(gen_random_uuid(),'00000000-0000-0000-0010-000000000036','00000000-0000-0000-0005-000000000070',true);
-- S037 G005 students 021-025
insert into public.session_attendances (id,session_id,student_id,attended) values
(gen_random_uuid(),'00000000-0000-0000-0010-000000000037','00000000-0000-0000-0005-000000000021',true),
(gen_random_uuid(),'00000000-0000-0000-0010-000000000037','00000000-0000-0000-0005-000000000022',true),
(gen_random_uuid(),'00000000-0000-0000-0010-000000000037','00000000-0000-0000-0005-000000000023',true),
(gen_random_uuid(),'00000000-0000-0000-0010-000000000037','00000000-0000-0000-0005-000000000024',true),
(gen_random_uuid(),'00000000-0000-0000-0010-000000000037','00000000-0000-0000-0005-000000000025',true);
-- S038 G010 students 046-050
insert into public.session_attendances (id,session_id,student_id,attended) values
(gen_random_uuid(),'00000000-0000-0000-0010-000000000038','00000000-0000-0000-0005-000000000046',true),
(gen_random_uuid(),'00000000-0000-0000-0010-000000000038','00000000-0000-0000-0005-000000000047',true),
(gen_random_uuid(),'00000000-0000-0000-0010-000000000038','00000000-0000-0000-0005-000000000048',true),
(gen_random_uuid(),'00000000-0000-0000-0010-000000000038','00000000-0000-0000-0005-000000000049',true),
(gen_random_uuid(),'00000000-0000-0000-0010-000000000038','00000000-0000-0000-0005-000000000050',true);
-- S039 G011 students 051-055 (051 ausente)
insert into public.session_attendances (id,session_id,student_id,attended) values
(gen_random_uuid(),'00000000-0000-0000-0010-000000000039','00000000-0000-0000-0005-000000000051',false),
(gen_random_uuid(),'00000000-0000-0000-0010-000000000039','00000000-0000-0000-0005-000000000052',true),
(gen_random_uuid(),'00000000-0000-0000-0010-000000000039','00000000-0000-0000-0005-000000000053',true),
(gen_random_uuid(),'00000000-0000-0000-0010-000000000039','00000000-0000-0000-0005-000000000054',true),
(gen_random_uuid(),'00000000-0000-0000-0010-000000000039','00000000-0000-0000-0005-000000000055',true);
-- S040 G012 students 056-060
insert into public.session_attendances (id,session_id,student_id,attended) values
(gen_random_uuid(),'00000000-0000-0000-0010-000000000040','00000000-0000-0000-0005-000000000056',true),
(gen_random_uuid(),'00000000-0000-0000-0010-000000000040','00000000-0000-0000-0005-000000000057',true),
(gen_random_uuid(),'00000000-0000-0000-0010-000000000040','00000000-0000-0000-0005-000000000058',true),
(gen_random_uuid(),'00000000-0000-0000-0010-000000000040','00000000-0000-0000-0005-000000000059',true),
(gen_random_uuid(),'00000000-0000-0000-0010-000000000040','00000000-0000-0000-0005-000000000060',true);
-- S041 G006 students 026-030
insert into public.session_attendances (id,session_id,student_id,attended) values
(gen_random_uuid(),'00000000-0000-0000-0010-000000000041','00000000-0000-0000-0005-000000000026',true),
(gen_random_uuid(),'00000000-0000-0000-0010-000000000041','00000000-0000-0000-0005-000000000027',true),
(gen_random_uuid(),'00000000-0000-0000-0010-000000000041','00000000-0000-0000-0005-000000000028',true),
(gen_random_uuid(),'00000000-0000-0000-0010-000000000041','00000000-0000-0000-0005-000000000029',true),
(gen_random_uuid(),'00000000-0000-0000-0010-000000000041','00000000-0000-0000-0005-000000000030',true);
-- S042 G007 students 031-035 (035 ausente)
insert into public.session_attendances (id,session_id,student_id,attended) values
(gen_random_uuid(),'00000000-0000-0000-0010-000000000042','00000000-0000-0000-0005-000000000031',true),
(gen_random_uuid(),'00000000-0000-0000-0010-000000000042','00000000-0000-0000-0005-000000000032',true),
(gen_random_uuid(),'00000000-0000-0000-0010-000000000042','00000000-0000-0000-0005-000000000033',true),
(gen_random_uuid(),'00000000-0000-0000-0010-000000000042','00000000-0000-0000-0005-000000000034',true),
(gen_random_uuid(),'00000000-0000-0000-0010-000000000042','00000000-0000-0000-0005-000000000035',false);
-- S043 G008 students 036-040
insert into public.session_attendances (id,session_id,student_id,attended) values
(gen_random_uuid(),'00000000-0000-0000-0010-000000000043','00000000-0000-0000-0005-000000000036',true),
(gen_random_uuid(),'00000000-0000-0000-0010-000000000043','00000000-0000-0000-0005-000000000037',true),
(gen_random_uuid(),'00000000-0000-0000-0010-000000000043','00000000-0000-0000-0005-000000000038',true),
(gen_random_uuid(),'00000000-0000-0000-0010-000000000043','00000000-0000-0000-0005-000000000039',true),
(gen_random_uuid(),'00000000-0000-0000-0010-000000000043','00000000-0000-0000-0005-000000000040',true);
-- S044 G009 students 041-045
insert into public.session_attendances (id,session_id,student_id,attended) values
(gen_random_uuid(),'00000000-0000-0000-0010-000000000044','00000000-0000-0000-0005-000000000041',true),
(gen_random_uuid(),'00000000-0000-0000-0010-000000000044','00000000-0000-0000-0005-000000000042',true),
(gen_random_uuid(),'00000000-0000-0000-0010-000000000044','00000000-0000-0000-0005-000000000043',true),
(gen_random_uuid(),'00000000-0000-0000-0010-000000000044','00000000-0000-0000-0005-000000000044',true),
(gen_random_uuid(),'00000000-0000-0000-0010-000000000044','00000000-0000-0000-0005-000000000045',true);
-- S045 G015 students 071-074
insert into public.session_attendances (id,session_id,student_id,attended) values
(gen_random_uuid(),'00000000-0000-0000-0010-000000000045','00000000-0000-0000-0005-000000000071',true),
(gen_random_uuid(),'00000000-0000-0000-0010-000000000045','00000000-0000-0000-0005-000000000072',true),
(gen_random_uuid(),'00000000-0000-0000-0010-000000000045','00000000-0000-0000-0005-000000000073',true),
(gen_random_uuid(),'00000000-0000-0000-0010-000000000045','00000000-0000-0000-0005-000000000074',true);

-- ─── 19. Acciones actitudinales ──────────────────────────────
insert into public.attitude_actions (id, name_es, name_en, name_ca, xp_value, is_active) values
  ('00000000-0000-0000-0011-000000000001','Participación activa',     'Active Participation', 'Participació activa',       50, true),
  ('00000000-0000-0000-0011-000000000002','Ayuda a compañeros',       'Helps Classmates',     'Ajuda als companys',        30, true),
  ('00000000-0000-0000-0011-000000000003','Entrega a tiempo',         'On-time Delivery',     'Entrega a temps',           20, true),
  ('00000000-0000-0000-0011-000000000004','Comportamiento disruptivo','Disruptive Behaviour', 'Comportament disruptiu',   -40, true),
  ('00000000-0000-0000-0011-000000000005','No trae material',         'Missing Materials',    'No porta material',        -15, true);

-- ─── 20. Ubicaciones de stock ────────────────────────────────
insert into public.stock_locations (id, name, description, is_active) values
  ('00000000-0000-0000-0012-000000000001','Almacén IGNITE',    'Sede principal — almacén general de material didáctico', true),
  ('00000000-0000-0000-0012-000000000002','Sala de Tecnología','Estantería fija en la sala de tecnología del centro',    true),
  ('00000000-0000-0000-0012-000000000003','Taller de Robótica','Armario del taller de robótica, planta baja',            true);

-- ─── 21. Ítems de stock ──────────────────────────────────────
-- Guillermo Morales = worker 01 → 0004-000000000001
-- Gilda Merino      = worker 36 → 0004-000000000036
insert into public.stock_items (id, name, description, quantity, holder_type, holder_id, is_active) values
  ('00000000-0000-0000-0013-000000000001','B2E Mini',         'Kit B2E Mini — robótica educativa básica',    5,'location','00000000-0000-0000-0012-000000000001',true),
  ('00000000-0000-0000-0013-000000000002','DUPLO',            'Set DUPLO programable — nivel iniciación',    4,'location','00000000-0000-0000-0012-000000000003',true),
  ('00000000-0000-0000-0013-000000000003','MAKEY MAKEY',      'Makey Makey — kits en almacén',               5,'location','00000000-0000-0000-0012-000000000001',true),
  ('00000000-0000-0000-0013-000000000004','MAKEY MAKEY',      'Makey Makey — en uso por Guillermo Morales',  1,'worker',  '00000000-0000-0000-0004-000000000001',true),
  ('00000000-0000-0000-0013-000000000005','MM',               'Material multisensorial MM — set completo',   4,'location','00000000-0000-0000-0012-000000000002',true),
  ('00000000-0000-0000-0013-000000000006','EV3',              'LEGO Mindstorms EV3',                         2,'location','00000000-0000-0000-0012-000000000003',true),
  ('00000000-0000-0000-0013-000000000007','Microbit',         'BBC micro:bit v2 con accesorios',             3,'location','00000000-0000-0000-0012-000000000002',true),
  ('00000000-0000-0000-0013-000000000008','Portátil Huawei',  'Huawei MateBook D14 — en almacén',            1,'location','00000000-0000-0000-0012-000000000001',true),
  ('00000000-0000-0000-0013-000000000009','Portátil Huawei',  'Huawei MateBook D14 — en uso por Gilda Merino',1,'worker', '00000000-0000-0000-0004-000000000036',true),
  ('00000000-0000-0000-0013-000000000010','Portátil HP',      'HP Pavilion 15 — almacén IGNITE',             1,'location','00000000-0000-0000-0012-000000000001',true);

-- ─── 22. Movimientos de stock ────────────────────────────────
-- Colocaciones iniciales (septiembre)
insert into public.stock_movements (id,item_id,from_type,from_id,to_type,to_id,moved_by,moved_at) values
  (gen_random_uuid(),'00000000-0000-0000-0013-000000000001',null,null,'location','00000000-0000-0000-0012-000000000001','00000000-0000-0000-0004-000000000001','2025-09-10 09:00:00+02'),
  (gen_random_uuid(),'00000000-0000-0000-0013-000000000002',null,null,'location','00000000-0000-0000-0012-000000000003','00000000-0000-0000-0004-000000000001','2025-09-10 09:05:00+02'),
  (gen_random_uuid(),'00000000-0000-0000-0013-000000000003',null,null,'location','00000000-0000-0000-0012-000000000001','00000000-0000-0000-0004-000000000001','2025-09-10 09:10:00+02'),
  (gen_random_uuid(),'00000000-0000-0000-0013-000000000005',null,null,'location','00000000-0000-0000-0012-000000000002','00000000-0000-0000-0004-000000000001','2025-09-10 09:15:00+02'),
  (gen_random_uuid(),'00000000-0000-0000-0013-000000000006',null,null,'location','00000000-0000-0000-0012-000000000003','00000000-0000-0000-0004-000000000001','2025-09-10 09:20:00+02'),
  (gen_random_uuid(),'00000000-0000-0000-0013-000000000007',null,null,'location','00000000-0000-0000-0012-000000000002','00000000-0000-0000-0004-000000000001','2025-09-10 09:25:00+02'),
  (gen_random_uuid(),'00000000-0000-0000-0013-000000000008',null,null,'location','00000000-0000-0000-0012-000000000001','00000000-0000-0000-0004-000000000001','2025-09-10 09:30:00+02'),
  (gen_random_uuid(),'00000000-0000-0000-0013-000000000010',null,null,'location','00000000-0000-0000-0012-000000000001','00000000-0000-0000-0004-000000000001','2025-09-10 09:35:00+02');
-- Préstamos a trabajadores
insert into public.stock_movements (id,item_id,from_type,from_id,to_type,to_id,moved_by,moved_at) values
  (gen_random_uuid(),'00000000-0000-0000-0013-000000000004','location','00000000-0000-0000-0012-000000000001','worker','00000000-0000-0000-0004-000000000001','00000000-0000-0000-0004-000000000001','2025-10-01 10:00:00+02'),
  (gen_random_uuid(),'00000000-0000-0000-0013-000000000009','location','00000000-0000-0000-0012-000000000001','worker','00000000-0000-0000-0004-000000000036','00000000-0000-0000-0004-000000000001','2025-10-15 11:00:00+02');

-- ─── 23. Motivos de ausencia ─────────────────────────────────
insert into public.absence_reasons (id, name_es, name_en, name_ca, auto_approve, is_active) values
  ('00000000-0000-0000-0014-000000000001','Enfermedad',         'Illness',         'Malaltia',            false,true),
  ('00000000-0000-0000-0014-000000000002','Asuntos personales', 'Personal matters', 'Assumptes personals', false,true);

-- ─── 24. Fichajes (timesheets) ───────────────────────────────
insert into public.timesheets (id, worker_id, type, recorded_at) values
  (gen_random_uuid(),'00000000-0000-0000-0004-000000000018','in', '2026-04-14 15:40:00+02'),
  (gen_random_uuid(),'00000000-0000-0000-0004-000000000018','out','2026-04-14 17:35:00+02'),
  (gen_random_uuid(),'00000000-0000-0000-0004-000000000019','in', '2026-04-14 15:42:00+02'),
  (gen_random_uuid(),'00000000-0000-0000-0004-000000000019','out','2026-04-14 17:38:00+02'),
  (gen_random_uuid(),'00000000-0000-0000-0004-000000000027','in', '2026-04-15 15:55:00+02'),
  (gen_random_uuid(),'00000000-0000-0000-0004-000000000027','out','2026-04-15 17:05:00+02'),
  (gen_random_uuid(),'00000000-0000-0000-0004-000000000023','in', '2026-04-16 15:25:00+02'),
  (gen_random_uuid(),'00000000-0000-0000-0004-000000000023','out','2026-04-16 17:05:00+02'),
  (gen_random_uuid(),'00000000-0000-0000-0004-000000000036','in', '2026-04-16 15:28:00+02'),
  (gen_random_uuid(),'00000000-0000-0000-0004-000000000036','out','2026-04-16 17:10:00+02');

-- ─── 25. Recursos globales ───────────────────────────────────
insert into public.global_resources (id,title,url,visible_to_type,visible_to_id,is_active,resource_type,target_role) values
  ('00000000-0000-0000-0015-000000000001','Guía de inicio STEAM',      'https://example.com/steam-intro',    null,null,true,'guide',       null),
  ('00000000-0000-0000-0015-000000000002','Manual del Profesor IGNITE','https://example.com/teacher-manual', null,null,true,'guide',       'worker'),
  ('00000000-0000-0000-0015-000000000003','Rúbrica de Evaluación',     'https://example.com/rubric',         null,null,true,'presentation','worker');

-- ============================================================
-- INSTRUCCIONES DE VINCULACIÓN A SUPABASE AUTH
-- ============================================================
-- Para que un worker pueda iniciar sesión, crear primero el usuario
-- en Supabase Dashboard → Authentication → Users → "Add user"
-- y luego vincular:
--
--   UPDATE public.workers SET user_id = '<uuid-auth>'
--   WHERE id = '00000000-0000-0000-0004-000000000001'; -- Guillermo Morales (superadmin)
--
-- Workers clave para pruebas:
--   0004-000000000001  Guillermo Morales  (superadmin)
--   0004-000000000002  Juan Manuel Torres (admin)
--   0004-000000000018  Alicia Layron      (profe G001 AMERICAN Inf)
--   0004-000000000019  Adriana Acosta     (profe G002 AMERICAN Tecno L)
--   0004-000000000027  Ester Casòliva     (profe G010 SEGRE Robotics)
-- ============================================================
