-- ============================================================
-- IGNITE NEXUS — Seed real (parte 2/4)
-- workers · admin_permissions · group_assignments
-- students · group_enrollments
-- ============================================================

-- ─── 5. Workers (47) ─────────────────────────────────────────
-- IDs: 00000000-0000-0000-0004-000000000001..047
-- user_id NULL en todos — vincular manualmente a cuentas Auth.
-- 01: superadmin · 02-17: admins · 18-47: profesores
insert into public.workers (id, user_id, first_name, last_name, status) values
  ('00000000-0000-0000-0004-000000000001', null, 'Guillermo',  'Morales',    'active'),
  -- admins
  ('00000000-0000-0000-0004-000000000002', null, 'Juan Manuel','Torres',     'active'),
  ('00000000-0000-0000-0004-000000000003', null, 'Mireia',     'Roig',       'active'),
  ('00000000-0000-0000-0004-000000000004', null, 'Marta',      'Margarit',   'active'),
  ('00000000-0000-0000-0004-000000000005', null, 'Alejandro',  'Martín',     'active'),
  ('00000000-0000-0000-0004-000000000006', null, 'David',      'Montellà',   'active'),
  ('00000000-0000-0000-0004-000000000007', null, 'Xènia',      'Ferreira',   'active'),
  ('00000000-0000-0000-0004-000000000008', null, 'Maria',      'Torrens',    'active'),
  ('00000000-0000-0000-0004-000000000009', null, 'Arnau',      'Valls',      'active'),
  ('00000000-0000-0000-0004-000000000010', null, 'Marc',       'Hidalgo',    'active'),
  ('00000000-0000-0000-0004-000000000011', null, 'Gerard',     'Guitart',    'active'),
  ('00000000-0000-0000-0004-000000000012', null, 'Aleida',     'Mañas',      'active'),
  ('00000000-0000-0000-0004-000000000013', null, 'Elena',      'Domènech',   'active'),
  ('00000000-0000-0000-0004-000000000014', null, 'Carol',      'Falero',     'active'),
  ('00000000-0000-0000-0004-000000000015', null, 'Clara',      'Martín',     'active'),
  ('00000000-0000-0000-0004-000000000016', null, 'Lucía',      'Tercedor',   'active'),
  ('00000000-0000-0000-0004-000000000017', null, 'Romina',     'Gil',        'active'),
  -- profesores
  ('00000000-0000-0000-0004-000000000018', null, 'Alicia',     'Layron',     'active'),
  ('00000000-0000-0000-0004-000000000019', null, 'Adriana',    'Acosta',     'active'),
  ('00000000-0000-0000-0004-000000000020', null, 'Daniela',    'Soler',      'active'),
  ('00000000-0000-0000-0004-000000000021', null, 'Albert',     'Martínez',   'active'),
  ('00000000-0000-0000-0004-000000000022', null, 'Eloy',       'Galindo',    'active'),
  ('00000000-0000-0000-0004-000000000023', null, 'Andreea',    'Larisa',     'active'),
  ('00000000-0000-0000-0004-000000000024', null, 'Olivia',     'Janer',      'active'),
  ('00000000-0000-0000-0004-000000000025', null, 'Jacobo',     'Azofra',     'active'),
  ('00000000-0000-0000-0004-000000000026', null, 'Abril',      'Montero',    'active'),
  ('00000000-0000-0000-0004-000000000027', null, 'Ester',      'Casòliva',   'active'),
  ('00000000-0000-0000-0004-000000000028', null, 'Jon',        'Palomares',  'active'),
  ('00000000-0000-0000-0004-000000000029', null, 'Anna',       'Maiquez',    'active'),
  ('00000000-0000-0000-0004-000000000030', null, 'Laura',      'Pardo',      'active'),
  ('00000000-0000-0000-0004-000000000031', null, 'Albert',     'Ferret',     'active'),
  ('00000000-0000-0000-0004-000000000032', null, 'Martina',    'Puigdueta',  'active'),
  ('00000000-0000-0000-0004-000000000033', null, 'Camila',     'Lorenzi',    'active'),
  ('00000000-0000-0000-0004-000000000034', null, 'Jofre',      'Segura',     'active'),
  ('00000000-0000-0000-0004-000000000035', null, 'Haoran',     'Ye',         'active'),
  ('00000000-0000-0000-0004-000000000036', null, 'Gilda',      'Merino',     'active'),
  ('00000000-0000-0000-0004-000000000037', null, 'Mafe',       'Margineda',  'active'),
  ('00000000-0000-0000-0004-000000000038', null, 'Manuel',     'Galvis',     'active'),
  ('00000000-0000-0000-0004-000000000039', null, 'Ana',        'de Viguri',  'active'),
  ('00000000-0000-0000-0004-000000000040', null, 'Jorge',      'Muñoz',      'active'),
  ('00000000-0000-0000-0004-000000000041', null, 'Sandra',     'García',     'active'),
  ('00000000-0000-0000-0004-000000000042', null, 'Paula',      'González',   'active'),
  ('00000000-0000-0000-0004-000000000043', null, 'Paula',      'Zamora',     'active'),
  ('00000000-0000-0000-0004-000000000044', null, 'Lorena',     'Martínez',   'active'),
  ('00000000-0000-0000-0004-000000000045', null, 'Lucía',      'Bermejo',    'active'),
  ('00000000-0000-0000-0004-000000000046', null, 'Esther',     'Martínez',   'active'),
  ('00000000-0000-0000-0004-000000000047', null, 'David',      'Fernández',  'active');

-- ─── 6. Permisos de administración ───────────────────────────
-- Worker 01 (Guillermo): superadmin
insert into public.admin_permissions (id, worker_id, module, can_view, can_edit, is_superadmin) values
  (gen_random_uuid(), '00000000-0000-0000-0004-000000000001', 'superadmin', true, true, true);

-- Workers 02-17: todos los módulos (can_view + can_edit) via CROSS JOIN
insert into public.admin_permissions (id, worker_id, module, can_view, can_edit, is_superadmin)
select
  gen_random_uuid(),
  w.id,
  m.module,
  true,
  true,
  false
from (values
  ('00000000-0000-0000-0004-000000000002'::uuid),
  ('00000000-0000-0000-0004-000000000003'::uuid),
  ('00000000-0000-0000-0004-000000000004'::uuid),
  ('00000000-0000-0000-0004-000000000005'::uuid),
  ('00000000-0000-0000-0004-000000000006'::uuid),
  ('00000000-0000-0000-0004-000000000007'::uuid),
  ('00000000-0000-0000-0004-000000000008'::uuid),
  ('00000000-0000-0000-0004-000000000009'::uuid),
  ('00000000-0000-0000-0004-000000000010'::uuid),
  ('00000000-0000-0000-0004-000000000011'::uuid),
  ('00000000-0000-0000-0004-000000000012'::uuid),
  ('00000000-0000-0000-0004-000000000013'::uuid),
  ('00000000-0000-0000-0004-000000000014'::uuid),
  ('00000000-0000-0000-0004-000000000015'::uuid),
  ('00000000-0000-0000-0004-000000000016'::uuid),
  ('00000000-0000-0000-0004-000000000017'::uuid)
) as w(id)
cross join (values
  ('schools'), ('teachers'), ('students'), ('enrollments'),
  ('projects'), ('skills'), ('project_maps'), ('validation'),
  ('sessions_dashboard'), ('attitudes'), ('timesheet'),
  ('absences'), ('stock'), ('resources')
) as m(module);

-- ─── 7. Asignaciones de grupo (primera 5 escuelas) ───────────
-- G001-G016 → profesores 18-33
insert into public.group_assignments (id, worker_id, group_id, start_date, end_date, type, is_active) values
  (gen_random_uuid(),'00000000-0000-0000-0004-000000000018','00000000-0000-0000-0003-000000000001','2025-09-01',null,'permanent',true),
  (gen_random_uuid(),'00000000-0000-0000-0004-000000000019','00000000-0000-0000-0003-000000000002','2025-09-01',null,'permanent',true),
  (gen_random_uuid(),'00000000-0000-0000-0004-000000000020','00000000-0000-0000-0003-000000000003','2025-09-01',null,'permanent',true),
  (gen_random_uuid(),'00000000-0000-0000-0004-000000000021','00000000-0000-0000-0003-000000000004','2025-09-01',null,'permanent',true),
  (gen_random_uuid(),'00000000-0000-0000-0004-000000000022','00000000-0000-0000-0003-000000000005','2025-09-01',null,'permanent',true),
  (gen_random_uuid(),'00000000-0000-0000-0004-000000000023','00000000-0000-0000-0003-000000000006','2025-09-01',null,'permanent',true),
  (gen_random_uuid(),'00000000-0000-0000-0004-000000000024','00000000-0000-0000-0003-000000000007','2025-09-01',null,'permanent',true),
  (gen_random_uuid(),'00000000-0000-0000-0004-000000000025','00000000-0000-0000-0003-000000000008','2025-09-01',null,'permanent',true),
  (gen_random_uuid(),'00000000-0000-0000-0004-000000000026','00000000-0000-0000-0003-000000000009','2025-09-01',null,'permanent',true),
  (gen_random_uuid(),'00000000-0000-0000-0004-000000000027','00000000-0000-0000-0003-000000000010','2025-09-01',null,'permanent',true),
  (gen_random_uuid(),'00000000-0000-0000-0004-000000000028','00000000-0000-0000-0003-000000000011','2025-09-01',null,'permanent',true),
  (gen_random_uuid(),'00000000-0000-0000-0004-000000000029','00000000-0000-0000-0003-000000000012','2025-09-01',null,'permanent',true),
  (gen_random_uuid(),'00000000-0000-0000-0004-000000000030','00000000-0000-0000-0003-000000000013','2025-09-01',null,'permanent',true),
  (gen_random_uuid(),'00000000-0000-0000-0004-000000000031','00000000-0000-0000-0003-000000000014','2025-09-01',null,'permanent',true),
  (gen_random_uuid(),'00000000-0000-0000-0004-000000000032','00000000-0000-0000-0003-000000000015','2025-09-01',null,'permanent',true),
  (gen_random_uuid(),'00000000-0000-0000-0004-000000000033','00000000-0000-0000-0003-000000000016','2025-09-01',null,'permanent',true);

-- ─── 8. Alumnos (79) ─────────────────────────────────────────
-- IDs: 00000000-0000-0000-0005-000000000001..079
-- G001(001-005) G002(006-010) G003(011-015) G004(016-020) G005(021-025)
-- G006(026-030) G007(031-035) G008(036-040) G009(041-045) G010(046-050)
-- G011(051-055) G012(056-060) G013(061-065) G014(066-070) G015(071-074) G016(075-079)
insert into public.students (id, first_name, last_name, status) values
  ('00000000-0000-0000-0005-000000000001','Amy',        'Li',           'active'),
  ('00000000-0000-0000-0005-000000000002','Ariel',      'Schirmann',    'active'),
  ('00000000-0000-0000-0005-000000000003','Chloe',      'Llacuna',      'active'),
  ('00000000-0000-0000-0005-000000000004','Eleonore',   'Schirmann',    'active'),
  ('00000000-0000-0000-0005-000000000005','Henry',      'Huner',        'active'),
  ('00000000-0000-0000-0005-000000000006','Jinqiao',    'Jiang',        'active'),
  ('00000000-0000-0000-0005-000000000007','Leon',       'Frumosu',      'active'),
  ('00000000-0000-0000-0005-000000000008','Yanlox',     'Yang',         'active'),
  ('00000000-0000-0000-0005-000000000009','Yiyan',      'Wu',           'active'),
  ('00000000-0000-0000-0005-000000000010','Judah',      'Bohanner',     'active'),
  ('00000000-0000-0000-0005-000000000011','Timo',       'Bartalsky',    'active'),
  ('00000000-0000-0000-0005-000000000012','Giana',      'Stewart',      'active'),
  ('00000000-0000-0000-0005-000000000013','Ori',        'Dov',          'active'),
  ('00000000-0000-0000-0005-000000000014','Michael',    'Levin',        'active'),
  ('00000000-0000-0000-0005-000000000015','Nikita',     'Sinigibsky',   'active'),
  ('00000000-0000-0000-0005-000000000016','Chaoming',   'Ji',           'active'),
  ('00000000-0000-0000-0005-000000000017','Hayes',      'Appino',       'active'),
  ('00000000-0000-0000-0005-000000000018','Lee',        'Yuchan',       'active'),
  ('00000000-0000-0000-0005-000000000019','Joan',       'Subirana',     'active'),
  ('00000000-0000-0000-0005-000000000020','Jan',        'Cortina',      'active'),
  ('00000000-0000-0000-0005-000000000021','Enzo',       'Mesa',         'active'),
  ('00000000-0000-0000-0005-000000000022','Ander',      'Iturburu',     'active'),
  ('00000000-0000-0000-0005-000000000023','Agustín',    'Ortiz',        'active'),
  ('00000000-0000-0000-0005-000000000024','Antoni',     'Puig',         'active'),
  ('00000000-0000-0000-0005-000000000025','Lucas',      'Gay',          'active'),
  ('00000000-0000-0000-0005-000000000026','Máximo',     'Retamal',      'active'),
  ('00000000-0000-0000-0005-000000000027','Sofia',      'Guichón',      'active'),
  ('00000000-0000-0000-0005-000000000028','Biel',       'Cortina',      'active'),
  ('00000000-0000-0000-0005-000000000029','Daniel',     'Úbeda',        'active'),
  ('00000000-0000-0000-0005-000000000030','Marc',       'Arrechea',     'active'),
  ('00000000-0000-0000-0005-000000000031','Clara',      'Stucklin',     'active'),
  ('00000000-0000-0000-0005-000000000032','Emma',       'Soares',       'active'),
  ('00000000-0000-0000-0005-000000000033','Joan Ramon', 'Mainat',       'active'),
  ('00000000-0000-0000-0005-000000000034','Tori',       'Molins',       'active'),
  ('00000000-0000-0000-0005-000000000035','Sofia',      'Cuquerella',   'active'),
  ('00000000-0000-0000-0005-000000000036','Diego',      'Sevilla',      'active'),
  ('00000000-0000-0000-0005-000000000037','Pedro',      'Caravaca',     'active'),
  ('00000000-0000-0000-0005-000000000038','Julián',     'Reyes',        'active'),
  ('00000000-0000-0000-0005-000000000039','Toni',       'Guitart',      'active'),
  ('00000000-0000-0000-0005-000000000040','Irene',      'Sánchez',      'active'),
  ('00000000-0000-0000-0005-000000000041','Biel',       'Mesa',         'active'),
  ('00000000-0000-0000-0005-000000000042','Marc',       'Plana',        'active'),
  ('00000000-0000-0000-0005-000000000043','Roc',        'Puy',          'active'),
  ('00000000-0000-0000-0005-000000000044','Magí',       'Puy',          'active'),
  ('00000000-0000-0000-0005-000000000045','Guillermo',  'Fernandez',    'active'),
  ('00000000-0000-0000-0005-000000000046','Xavi',       'Arrechea',     'active'),
  ('00000000-0000-0000-0005-000000000047','Lluis',      'Carmona',      'active'),
  ('00000000-0000-0000-0005-000000000048','Guillem',    'Ochoa',        'active'),
  ('00000000-0000-0000-0005-000000000049','Damià',      'Vilanova',     'active'),
  ('00000000-0000-0000-0005-000000000050','Marc',       'Bartomeu',     'active'),
  ('00000000-0000-0000-0005-000000000051','Pol',        'Checa',        'active'),
  ('00000000-0000-0000-0005-000000000052','Ivet',       'Menchén',      'active'),
  ('00000000-0000-0000-0005-000000000053','Max',        'Moya',         'active'),
  ('00000000-0000-0000-0005-000000000054','Carlos',     'Torres',       'active'),
  ('00000000-0000-0000-0005-000000000055','Axel',       'Carreras',     'active'),
  ('00000000-0000-0000-0005-000000000056','Marc',       'Compte',       'active'),
  ('00000000-0000-0000-0005-000000000057','Jan',        'Oliva',        'active'),
  ('00000000-0000-0000-0005-000000000058','Mingrui',    'Chen',         'active'),
  ('00000000-0000-0000-0005-000000000059','Mario',      'Guitart',      'active'),
  ('00000000-0000-0000-0005-000000000060','Nicolás',    'Guitart',      'active'),
  ('00000000-0000-0000-0005-000000000061','Nicolás',    'Gassó',        'active'),
  ('00000000-0000-0000-0005-000000000062','Paolo',      'Casagrande',   'active'),
  ('00000000-0000-0000-0005-000000000063','Jaime',      'Borrell',      'active'),
  ('00000000-0000-0000-0005-000000000064','Marc',       'Mesa',         'active'),
  ('00000000-0000-0000-0005-000000000065','Akari',      'Molins',       'active'),
  ('00000000-0000-0000-0005-000000000066','Iker',       'Valdés',       'active'),
  ('00000000-0000-0000-0005-000000000067','Leo',        'Rich',         'active'),
  ('00000000-0000-0000-0005-000000000068','Jan',        'Gutiérrez',    'active'),
  ('00000000-0000-0000-0005-000000000069','Foix',       'Nubiola',      'active'),
  ('00000000-0000-0000-0005-000000000070','Lena',       'Salazar',      'active'),
  ('00000000-0000-0000-0005-000000000071','Elena',      'Sevilla',      'active'),
  ('00000000-0000-0000-0005-000000000072','Pol',        'Sampietro',    'active'),
  ('00000000-0000-0000-0005-000000000073','Tomas',      'Poch',         'active'),
  ('00000000-0000-0000-0005-000000000074','Pablo',      'Torres',       'active'),
  ('00000000-0000-0000-0005-000000000075','Leo',        'Ferreiro',     'active'),
  ('00000000-0000-0000-0005-000000000076','Anaïs',      'Duhorcau',     'active'),
  ('00000000-0000-0000-0005-000000000077','Pol',        'Sancerni',     'active'),
  ('00000000-0000-0000-0005-000000000078','Pol',        'Centelles',    'active'),
  ('00000000-0000-0000-0005-000000000079','Gil',        'Navarro',      'active');

-- ─── 9. Matrículas ───────────────────────────────────────────
-- Sólo grupos de las primeras 5 escuelas (001-016)
insert into public.group_enrollments (id, student_id, group_id, is_active) values
  -- G001 (AMERICAN Informática): alumnos 001-005
  (gen_random_uuid(),'00000000-0000-0000-0005-000000000001','00000000-0000-0000-0003-000000000001',true),
  (gen_random_uuid(),'00000000-0000-0000-0005-000000000002','00000000-0000-0000-0003-000000000001',true),
  (gen_random_uuid(),'00000000-0000-0000-0005-000000000003','00000000-0000-0000-0003-000000000001',true),
  (gen_random_uuid(),'00000000-0000-0000-0005-000000000004','00000000-0000-0000-0003-000000000001',true),
  (gen_random_uuid(),'00000000-0000-0000-0005-000000000005','00000000-0000-0000-0003-000000000001',true),
  -- G002 (AMERICAN Tecnología L): alumnos 006-010
  (gen_random_uuid(),'00000000-0000-0000-0005-000000000006','00000000-0000-0000-0003-000000000002',true),
  (gen_random_uuid(),'00000000-0000-0000-0005-000000000007','00000000-0000-0000-0003-000000000002',true),
  (gen_random_uuid(),'00000000-0000-0000-0005-000000000008','00000000-0000-0000-0003-000000000002',true),
  (gen_random_uuid(),'00000000-0000-0000-0005-000000000009','00000000-0000-0000-0003-000000000002',true),
  (gen_random_uuid(),'00000000-0000-0000-0005-000000000010','00000000-0000-0000-0003-000000000002',true),
  -- G003 (AMERICAN 3D & VR): alumnos 011-015
  (gen_random_uuid(),'00000000-0000-0000-0005-000000000011','00000000-0000-0000-0003-000000000003',true),
  (gen_random_uuid(),'00000000-0000-0000-0005-000000000012','00000000-0000-0000-0003-000000000003',true),
  (gen_random_uuid(),'00000000-0000-0000-0005-000000000013','00000000-0000-0000-0003-000000000003',true),
  (gen_random_uuid(),'00000000-0000-0000-0005-000000000014','00000000-0000-0000-0003-000000000003',true),
  (gen_random_uuid(),'00000000-0000-0000-0005-000000000015','00000000-0000-0000-0003-000000000003',true),
  -- G004 (AMERICAN Tecnología J): alumnos 016-020
  (gen_random_uuid(),'00000000-0000-0000-0005-000000000016','00000000-0000-0000-0003-000000000004',true),
  (gen_random_uuid(),'00000000-0000-0000-0005-000000000017','00000000-0000-0000-0003-000000000004',true),
  (gen_random_uuid(),'00000000-0000-0000-0005-000000000018','00000000-0000-0000-0003-000000000004',true),
  (gen_random_uuid(),'00000000-0000-0000-0005-000000000019','00000000-0000-0000-0003-000000000004',true),
  (gen_random_uuid(),'00000000-0000-0000-0005-000000000020','00000000-0000-0000-0003-000000000004',true),
  -- G005 (AMERICAN Minecraft): alumnos 021-025
  (gen_random_uuid(),'00000000-0000-0000-0005-000000000021','00000000-0000-0000-0003-000000000005',true),
  (gen_random_uuid(),'00000000-0000-0000-0005-000000000022','00000000-0000-0000-0003-000000000005',true),
  (gen_random_uuid(),'00000000-0000-0000-0005-000000000023','00000000-0000-0000-0003-000000000005',true),
  (gen_random_uuid(),'00000000-0000-0000-0005-000000000024','00000000-0000-0000-0003-000000000005',true),
  (gen_random_uuid(),'00000000-0000-0000-0005-000000000025','00000000-0000-0000-0003-000000000005',true),
  -- G006 (AULA Informática): alumnos 026-030
  (gen_random_uuid(),'00000000-0000-0000-0005-000000000026','00000000-0000-0000-0003-000000000006',true),
  (gen_random_uuid(),'00000000-0000-0000-0005-000000000027','00000000-0000-0000-0003-000000000006',true),
  (gen_random_uuid(),'00000000-0000-0000-0005-000000000028','00000000-0000-0000-0003-000000000006',true),
  (gen_random_uuid(),'00000000-0000-0000-0005-000000000029','00000000-0000-0000-0003-000000000006',true),
  (gen_random_uuid(),'00000000-0000-0000-0005-000000000030','00000000-0000-0000-0003-000000000006',true),
  -- G007 (AULA Robotics 15:30): alumnos 031-035
  (gen_random_uuid(),'00000000-0000-0000-0005-000000000031','00000000-0000-0000-0003-000000000007',true),
  (gen_random_uuid(),'00000000-0000-0000-0005-000000000032','00000000-0000-0000-0003-000000000007',true),
  (gen_random_uuid(),'00000000-0000-0000-0005-000000000033','00000000-0000-0000-0003-000000000007',true),
  (gen_random_uuid(),'00000000-0000-0000-0005-000000000034','00000000-0000-0000-0003-000000000007',true),
  (gen_random_uuid(),'00000000-0000-0000-0005-000000000035','00000000-0000-0000-0003-000000000007',true),
  -- G008 (AULA Robotics 12:30): alumnos 036-040
  (gen_random_uuid(),'00000000-0000-0000-0005-000000000036','00000000-0000-0000-0003-000000000008',true),
  (gen_random_uuid(),'00000000-0000-0000-0005-000000000037','00000000-0000-0000-0003-000000000008',true),
  (gen_random_uuid(),'00000000-0000-0000-0005-000000000038','00000000-0000-0000-0003-000000000008',true),
  (gen_random_uuid(),'00000000-0000-0000-0005-000000000039','00000000-0000-0000-0003-000000000008',true),
  (gen_random_uuid(),'00000000-0000-0000-0005-000000000040','00000000-0000-0000-0003-000000000008',true),
  -- G009 (AULA Robotics 14:00): alumnos 041-045
  (gen_random_uuid(),'00000000-0000-0000-0005-000000000041','00000000-0000-0000-0003-000000000009',true),
  (gen_random_uuid(),'00000000-0000-0000-0005-000000000042','00000000-0000-0000-0003-000000000009',true),
  (gen_random_uuid(),'00000000-0000-0000-0005-000000000043','00000000-0000-0000-0003-000000000009',true),
  (gen_random_uuid(),'00000000-0000-0000-0005-000000000044','00000000-0000-0000-0003-000000000009',true),
  (gen_random_uuid(),'00000000-0000-0000-0005-000000000045','00000000-0000-0000-0003-000000000009',true),
  -- G010 (SEGRE Robotics): alumnos 046-050
  (gen_random_uuid(),'00000000-0000-0000-0005-000000000046','00000000-0000-0000-0003-000000000010',true),
  (gen_random_uuid(),'00000000-0000-0000-0005-000000000047','00000000-0000-0000-0003-000000000010',true),
  (gen_random_uuid(),'00000000-0000-0000-0005-000000000048','00000000-0000-0000-0003-000000000010',true),
  (gen_random_uuid(),'00000000-0000-0000-0005-000000000049','00000000-0000-0000-0003-000000000010',true),
  (gen_random_uuid(),'00000000-0000-0000-0005-000000000050','00000000-0000-0000-0003-000000000010',true),
  -- G011 (SEGRE Coding): alumnos 051-055
  (gen_random_uuid(),'00000000-0000-0000-0005-000000000051','00000000-0000-0000-0003-000000000011',true),
  (gen_random_uuid(),'00000000-0000-0000-0005-000000000052','00000000-0000-0000-0003-000000000011',true),
  (gen_random_uuid(),'00000000-0000-0000-0005-000000000053','00000000-0000-0000-0003-000000000011',true),
  (gen_random_uuid(),'00000000-0000-0000-0005-000000000054','00000000-0000-0000-0003-000000000011',true),
  (gen_random_uuid(),'00000000-0000-0000-0005-000000000055','00000000-0000-0000-0003-000000000011',true),
  -- G012 (BCG Informática): alumnos 056-060
  (gen_random_uuid(),'00000000-0000-0000-0005-000000000056','00000000-0000-0000-0003-000000000012',true),
  (gen_random_uuid(),'00000000-0000-0000-0005-000000000057','00000000-0000-0000-0003-000000000012',true),
  (gen_random_uuid(),'00000000-0000-0000-0005-000000000058','00000000-0000-0000-0003-000000000012',true),
  (gen_random_uuid(),'00000000-0000-0000-0005-000000000059','00000000-0000-0000-0003-000000000012',true),
  (gen_random_uuid(),'00000000-0000-0000-0005-000000000060','00000000-0000-0000-0003-000000000012',true),
  -- G013 (BCG Minecraft): alumnos 061-065
  (gen_random_uuid(),'00000000-0000-0000-0005-000000000061','00000000-0000-0000-0003-000000000013',true),
  (gen_random_uuid(),'00000000-0000-0000-0005-000000000062','00000000-0000-0000-0003-000000000013',true),
  (gen_random_uuid(),'00000000-0000-0000-0005-000000000063','00000000-0000-0000-0003-000000000013',true),
  (gen_random_uuid(),'00000000-0000-0000-0005-000000000064','00000000-0000-0000-0003-000000000013',true),
  (gen_random_uuid(),'00000000-0000-0000-0005-000000000065','00000000-0000-0000-0003-000000000013',true),
  -- G014 (BENJAMIN FRANKLIN Informática): alumnos 066-070
  (gen_random_uuid(),'00000000-0000-0000-0005-000000000066','00000000-0000-0000-0003-000000000014',true),
  (gen_random_uuid(),'00000000-0000-0000-0005-000000000067','00000000-0000-0000-0003-000000000014',true),
  (gen_random_uuid(),'00000000-0000-0000-0005-000000000068','00000000-0000-0000-0003-000000000014',true),
  (gen_random_uuid(),'00000000-0000-0000-0005-000000000069','00000000-0000-0000-0003-000000000014',true),
  (gen_random_uuid(),'00000000-0000-0000-0005-000000000070','00000000-0000-0000-0003-000000000014',true),
  -- G015 (BENJAMIN FRANKLIN Robotics Mié): alumnos 071-074 (4 alumnos)
  (gen_random_uuid(),'00000000-0000-0000-0005-000000000071','00000000-0000-0000-0003-000000000015',true),
  (gen_random_uuid(),'00000000-0000-0000-0005-000000000072','00000000-0000-0000-0003-000000000015',true),
  (gen_random_uuid(),'00000000-0000-0000-0005-000000000073','00000000-0000-0000-0003-000000000015',true),
  (gen_random_uuid(),'00000000-0000-0000-0005-000000000074','00000000-0000-0000-0003-000000000015',true),
  -- G016 (BENJAMIN FRANKLIN Robotics Jue): alumnos 075-079
  (gen_random_uuid(),'00000000-0000-0000-0005-000000000075','00000000-0000-0000-0003-000000000016',true),
  (gen_random_uuid(),'00000000-0000-0000-0005-000000000076','00000000-0000-0000-0003-000000000016',true),
  (gen_random_uuid(),'00000000-0000-0000-0005-000000000077','00000000-0000-0000-0003-000000000016',true),
  (gen_random_uuid(),'00000000-0000-0000-0005-000000000078','00000000-0000-0000-0003-000000000016',true),
  (gen_random_uuid(),'00000000-0000-0000-0005-000000000079','00000000-0000-0000-0003-000000000016',true);
